{"mtx": [[592.1241588031899, 0.0, 325.0310154997612], [0.0, 594.1283712249731, 310.73472863632185], [0.0, 0.0, 1.0]], "dist": [[0.12613249524364753, -0.8213610535569261, -0.0019301689568095256, 0.002831054135797281, 1.1257414495535323]]}