{"mtx": [[396.3596343898229, 0.0, 292.72190048130994], [0.0, 396.2486571328548, 343.44706544022614], [0.0, 0.0, 1.0]], "dist": [[0.05310279244973049, -0.01542627354417752, 0.0011089152459090516, -0.00011163669158809673, -0.026290514758298595]]}