{"mtx": [[623.2121798058347, 0.0, 325.81564993344233], [0.0, 604.0008659181453, 247.3519701866263], [0.0, 0.0, 1.0]], "dist": [[1.3139554038977617, -8.021591555927005, -0.01505162975539085, 0.014108298848110044, -18.029449748412436]]}