{"mtx": [[852.9200673064165, 0.0, 319.0435247925998], [0.0, 860.3337276185661, 240.28107357105176], [0.0, 0.0, 1.0]], "dist": [[0.858182086428345, -11.199935725308936, 0.0625391411085085, -0.02253472299141735, 36.89467767619037]]}