{"mtx": [[758.2043501650187, 0.0, 304.88067183253], [0.0, 798.3990775666111, 154.93900571603993], [0.0, 0.0, 1.0]], "dist": [[0.12926978934207475, 2.6040240708411737, -0.04632268591344406, 0.006186308455318456, -8.408212476360617]]}