{"rvecs": [[[2.5762316496442816e-21, -1.5191758878194908e-21, -1.662500964871999e-21], [1.5270935050326562e-21, -9.007341595766793e-22, -9.947578579552733e-22], [0.0, 0.0, 0.0], [2.7258637355486566e-18, -1.6392933251550279e-18, 1.6085873236008339e-16], [2.7282114449029376e-18, -1.640678420258429e-18, 1.60857186079627e-16]], [[2.576231663291421e-21, -1.5191758951337876e-21, -1.6625001687634342e-21], [1.5270934921185256e-21, -9.007341506644385e-22, -9.947587164331534e-22], [0.0, 0.0, 0.0], [2.7258637350459716e-18, -1.6392933249208155e-18, 1.6085873232858945e-16], [2.7282114449081126e-18, -1.6406784202615809e-18, 1.608571860799658e-16]], [[2.576233497121855e-21, -1.5191770089562745e-21, -1.6623799145851751e-21], [1.527093946055206e-21, -9.007343600864014e-22, -9.947319582219445e-22], [0.0, 0.0, 0.0], [2.725863731448278e-18, -1.6392933232401665e-18, 1.608587321119642e-16], [2.728211445105855e-18, -1.64067842034659e-18, 1.6085718609160603e-16]]], "tvecs": [[[-1.1823080682483407e-19, -3.2240686851209614e-19, 1.2860100586124474e-20], [-7.012967922632376e-20, -1.911694406527473e-19, 7.625669333491252e-21], [0.0, 0.0, 0.0], [-1.5170123690130203e-16, -3.26383076434348e-16, 1.4267719344961782e-17], [-1.5180912597062938e-16, -3.2667705678797144e-16, 1.427944689987238e-17]], [[-1.1823080750761784e-19, -3.224068701618508e-19, 1.286010065125172e-20], [-7.01296782638888e-20, -1.911694388032136e-19, 7.625669250901213e-21], [0.0, 0.0, 0.0], [-1.517012368796358e-16, -3.2638307636873074e-16, 1.4267719342836763e-17], [-1.5180912597097633e-16, -3.26677056788784e-16, 1.4279446899902544e-17]], [[-1.1823092366016312e-19, -3.2240712248581527e-19, 1.2860110942065489e-20], [-7.01296956879773e-20, -1.9116949245822903e-19, 7.625671079711903e-21], [0.0, 0.0, 0.0], [-1.5170123674092535e-16, -3.263830759433224e-16, 1.426771932816394e-17], [-1.5180912597758107e-16, -3.2667705681160305e-16, 1.427944690063748e-17]]]}