{"mtx": [[491.69632773894773, 0.0, 326.23484691555086], [0.0, 479.66976132162813, 342.66158523375736], [0.0, 0.0, 1.0]], "dist": [[0.5132150017030003, -4.051398874327125, -0.007599106671174277, 0.020935575216158752, 8.91976377400053]]}