{"mtx": [[743.2607875539505, 0.0, 334.0751792296024], [0.0, 771.6928990139024, 158.35700389823091], [0.0, 0.0, 1.0]], "dist": [[0.24900869794334257, 1.732264349918826, -0.039919103544517505, 0.012487351901620003, -11.157825550196124]]}