{"mtx": [[801.2859205153118, 0.0, 266.89852469871767], [0.0, 771.1642221278192, 305.35627324021726], [0.0, 0.0, 1.0]], "dist": [[0.27753504832906917, 1.3202737755171796, -0.006972349144758649, -0.018866185263317573, -13.19174894887102]]}