{"mtx": [[858.3658934384575, 0.0, 314.1201531174209], [0.0, 847.1944472939508, 206.93025180185683], [0.0, 0.0, 1.0]], "dist": [[-0.004323879243228922, 8.408787546499566, -0.037688346696560904, 0.02381769121143491, -56.78037654667891]]}