{"mtx": [[806.2432378233253, 0.0, 311.8831518921349], [0.0, 834.1805742382095, 245.7959078626119], [0.0, 0.0, 1.0]], "dist": [[0.4404564127125012, 5.980839372021011, 0.015750492814989137, 0.011467271604884364, -104.43024339819635]]}