{"mtx": [[494.03358942749367, 0.0, 322.1775919859474], [0.0, 482.78847393323997, 263.8556463850169], [0.0, 0.0, 1.0]], "dist": [[0.628201725971073, -5.8244041764378345, -0.007203970044125599, 0.016468198940189728, 16.915271574681473]]}