{"mtx": [[784.3410928091259, 0.0, 281.298829613506], [0.0, 759.03905185452, 294.68437487555826], [0.0, 0.0, 1.0]], "dist": [[0.3655551273779008, -0.668937515412356, -0.014778755518284205, -0.005747381652441437, -3.0106214390038573]]}