{"mtx": [[813.7160058900344, 0.0, 337.5068153336816], [0.0, 836.7459536233631, 227.4114102815679], [0.0, 0.0, 1.0]], "dist": [[0.1400796400545641, 8.07248329711211, 0.016191412802701338, 0.023687573742198733, -75.06413042065861]]}