{"mtx": [[438.82543602018245, 0.0, 280.56875777216925], [0.0, 433.34919514565905, 245.6790310745003], [0.0, 0.0, 1.0]], "dist": [[0.9677422714992404, -11.290354065721939, -0.014413135620956674, 0.008561397236734542, 38.07717866369886]]}