{"mtx": [[514.8624387878117, 0.0, 327.51872261304607], [0.0, 516.4555290319477, 322.4765759499143], [0.0, 0.0, 1.0]], "dist": [[0.052342953979564434, -0.6427136667536304, -0.004470396651499395, 0.0022958471877742477, 0.6883076981544152]]}