{"mtx": [[813.2939094505844, 0.0, 318.67332142010366], [0.0, 824.6705806605663, 234.4497381655527], [0.0, 0.0, 1.0]], "dist": [[0.16273964329514717, 1.670921102439645, -0.038946104062786625, 0.015058943478852857, -6.825518315059796]]}