{"mtx": [[717.8669358307097, 0.0, 353.9566799933775], [0.0, 718.6071462030203, 167.72688741942883], [0.0, 0.0, 1.0]], "dist": [[-0.11318450993355446, 1.5711956330762602, -0.019191744786904823, 0.017255271632778537, -3.697652444117536]]}