{"mtx": [[847.181994371027, 0.0, 412.73347011438386], [0.0, 811.7852765621822, 300.24411548116535], [0.0, 0.0, 1.0]], "dist": [[0.243193255576134, 1.0139026146032333, -0.00461011091625024, 0.04421001748434048, -4.992860278595808]]}