{"mtx": [[875.5404350714765, 0.0, 316.0943366033207], [0.0, 876.1040734667179, 187.07485359147327], [0.0, 0.0, 1.0]], "dist": [[0.4620902383377745, 1.0508769492730672, -0.04400644544643397, 0.009546099289480903, -12.735914657382258]]}