{"mtx": [[830.8289190037189, 0.0, 310.48404814131624], [0.0, 855.6100164835233, 248.54515442506897], [0.0, 0.0, 1.0]], "dist": [[0.46994806813161927, 8.138167820700449, 0.025172651383364136, 0.014055293084563537, -147.34562312416026]]}