{"mtx": [[495.4117772433171, 0.0, 324.4130042446608], [0.0, 483.6824600668173, 265.54859754174987], [0.0, 0.0, 1.0]], "dist": [[0.5897022522700457, -5.163569282167896, -0.005107619990365303, 0.019386116207538717, 14.33005064924944]]}