{"mtx": [[519.6481128952657, 0.0, 317.22097750674055], [0.0, 521.250057755355, 333.3831636058958], [0.0, 0.0, 1.0]], "dist": [[0.18596769391010926, -1.2411777580533288, 0.003562293477059288, 0.0032885186605648934, 1.5505869374367935]]}