{"mtx": [[785.4360960531592, 0.0, 283.73272006405506], [0.0, 761.3800508794068, 290.3192705061834], [0.0, 0.0, 1.0]], "dist": [[0.3456126875523599, -0.2850616028293232, -0.018552842357056377, -0.004403880283497708, -4.629794779999032]]}