{"mtx": [[705.9597051262928, 0.0, 350.9118318829235], [0.0, 706.175759301164, 165.38447224011713], [0.0, 0.0, 1.0]], "dist": [[-0.13755029231832525, 1.559807326715697, -0.016582822319480623, 0.017470397349956913, -3.4720063703760067]]}