{"mtx": [[887.9971239347102, 0.0, 317.00230645299746], [0.0, 890.3676965788942, 184.96935666322705], [0.0, 0.0, 1.0]], "dist": [[0.48016011122431396, 0.9398402475459803, -0.04573622246487465, 0.00350567160179681, -12.735802090722574]]}