{"mtx": [[843.6556933843807, 0.0, 416.142640132238], [0.0, 806.9091946822491, 304.1919073316831], [0.0, 0.0, 1.0]], "dist": [[0.24070284945924902, 1.3198369211933825, -0.002495121995515333, 0.046129508994972375, -6.902619766694087]]}