{"mtx": [[854.8231125665436, 0.0, 283.5059398328786], [0.0, 845.1333657936473, 218.49481377163573], [0.0, 0.0, 1.0]], "dist": [[0.7891644021187503, -14.192812532032677, 0.043743830690128424, 0.06669749875124033, 68.48543579048803]]}