{"mtx": [[595.7620782995057, 0.0, 323.7931393300321], [0.0, 593.5945677053245, 318.23633513378047], [0.0, 0.0, 1.0]], "dist": [[0.11511988188070521, -0.8030693471046425, 4.804183598994182e-05, 0.0001273208070875164, 1.1519766603774313]]}