{"mtx": [[761.685446236521, 0.0, 321.58165889789376], [0.0, 763.2856445577917, 187.82451606850967], [0.0, 0.0, 1.0]], "dist": [[0.06629912678003486, 2.1307089511187023, -0.021739593231180125, 0.010453527497846078, -8.638584084461709]]}