{"mtx": [[772.7064115185292, 0.0, 336.95818199529367], [0.0, 800.9776046302608, 205.7548913553493], [0.0, 0.0, 1.0]], "dist": [[0.433468191430333, -0.8408894205754869, -0.010887140745314274, 0.007111743551211153, -7.334365360623705]]}