{"mtx": [[850.5899690278077, 0.0, 318.9465126193134], [0.0, 859.7223114098576, 248.45571262027983], [0.0, 0.0, 1.0]], "dist": [[0.3365389798635564, 1.2884392016100565, -0.04494583355901323, 0.011867074140625952, -8.866379465818753]]}