{"mtx": [[438.8254637855059, 0.0, 280.5687588854395], [0.0, 433.3492203738391, 245.67900699022732], [0.0, 0.0, 1.0]], "dist": [[0.9677419076070556, -11.290348532969048, -0.014413154480773642, 0.008561383392155673, 38.07715500958926]]}