{"mtx": [[587.7500741971334, 0.0, 308.1728637063607], [0.0, 588.9217217655114, 325.20596736147604], [0.0, 0.0, 1.0]], "dist": [[0.11735762601544092, -0.8109118986118392, -0.000816109108421244, -0.0020651237165832366, 1.1530439168507944]]}