{"mtx": [[874.4804331761135, 0.0, 315.4837751648642], [0.0, 877.7033597703457, 181.29775479834896], [0.0, 0.0, 1.0]], "dist": [[0.4354334243681344, 1.4977817254507182, -0.048444802730863726, 0.006915284645346683, -14.340979387609007]]}