{"mtx": [[856.2281512266406, 0.0, 312.9248810154358], [0.0, 845.7760926948773, 206.72891198060967], [0.0, 0.0, 1.0]], "dist": [[0.06886098510736065, 7.6360228564637, -0.04113260540780326, 0.023366374362469806, -53.117394058424686]]}