{"mtx": [[754.0577414865098, 0.0, 319.2172113809777], [0.0, 755.3882819357558, 186.30222833789233], [0.0, 0.0, 1.0]], "dist": [[0.01978955214273998, 2.231263793920667, -0.019454267577890535, 0.010472228799852087, -8.394588054119767]]}