{"mtx": [[761.1975324061586, 0.0, 319.1090822287963], [0.0, 762.0856584378715, 187.33445707085517], [0.0, 0.0, 1.0]], "dist": [[0.040911565642142135, 2.300195321278149, -0.02129994498851249, 0.010067358689633064, -9.166025567451792]]}