{"mtx": [[762.0883165542407, 0.0, 322.99074443250703], [0.0, 762.2461742971582, 362.3755638553013], [0.0, 0.0, 1.0]], "dist": [[0.0984242471401724, 1.8936703815685305, 0.017621416728742186, -0.006942083809845809, -8.754567555708363]]}