{"mtx": [[550.4203224205628, 0.0, 357.4217945774296], [0.0, 531.572170992929, 253.22419091533038], [0.0, 0.0, 1.0]], "dist": [[0.690282915993122, -7.015447890053649, -0.019356874420660003, 0.0718348859403289, 29.488260839619603]]}