{"mtx": [[743.2607477435055, 0.0, 334.07518225853823], [0.0, 771.692856702071, 158.35702683544335], [0.0, 0.0, 1.0]], "dist": [[0.2490090145107544, 1.7322621987374727, -0.03991911354523759, 0.012487353066526359, -11.157820212352165]]}