{"mtx": [[817.68221174388, 0.0, 294.92820966505155], [0.0, 851.8529498558833, 149.69799048441516], [0.0, 0.0, 1.0]], "dist": [[0.2334166574000172, 1.5919540319149144, -0.0423582939881976, -0.008295122155077484, -8.286193658847514]]}