{"mtx": [[763.5606647840112, 0.0, 325.1363534933821], [0.0, 762.6098695177666, 375.27485874554554], [0.0, 0.0, 1.0]], "dist": [[-0.0810834168996001, 3.814010133357709, 0.02296063615432404, -0.007155916326621972, -15.958603226081937]]}