{"mtx": [[821.9926736485281, 0.0, 315.5291702392814], [0.0, 853.2172517643706, 278.64818819674093], [0.0, 0.0, 1.0]], "dist": [[-0.1526486361108758, 35.574229422513234, 0.04605994888824788, 0.011363463240678199, -507.1054163758518]]}