{"mtx": [[494.7682986255301, 0.0, 323.0819890617697], [0.0, 483.1649993137327, 345.89597789894106], [0.0, 0.0, 1.0]], "dist": [[0.5826404173987694, -4.931344410991931, -0.004551356262849609, 0.01781034471253307, 12.03464323322571]]}