{"mtx": [[856.2282356934772, 0.0, 312.92488489122326], [0.0, 845.7761723254544, 206.72889651023863], [0.0, 0.0, 1.0]], "dist": [[0.06886132746596688, 7.636023388675187, -0.0411326229355837, 0.02336636986436978, -53.117425987825044]]}