{"mtx": [[493.95935909869735, 0.0, 325.039575226314], [0.0, 482.4965450358144, 263.61616464428266], [0.0, 0.0, 1.0]], "dist": [[0.5726497072511398, -4.75835629082357, -0.007976381320437919, 0.020201339189362857, 11.92113739334597]]}