{"mtx": [[360.2949190715502, 0.0, 288.8377035100892], [0.0, 357.52722910337815, 338.37576622522926], [0.0, 0.0, 1.0]], "dist": [[0.06962374944872336, -0.10791970541604937, -0.00621472974549039, -0.006694656316890196, 0.059137363038530955]]}