{"mtx": [[818.0651446750119, 0.0, 317.8397127617005], [0.0, 830.8393603615601, 235.2786621411037], [0.0, 0.0, 1.0]], "dist": [[0.19723178428045388, 1.6844370524157672, -0.0418413133162679, 0.016057387777660602, -7.185933081062056]]}