{"mtx": [[522.6334033784725, 0.0, 287.3493809210666], [0.0, 524.0204725379695, 329.6190776760378], [0.0, 0.0, 1.0]], "dist": [[0.21169363637027325, -1.2994782346620508, -0.00037101626708140875, -0.005470656110728188, 1.6112763046204919]]}