{"mtx": [[766.579048789748, 0.0, 334.8368423729313], [0.0, 795.4542481059361, 199.61987404058854], [0.0, 0.0, 1.0]], "dist": [[0.4200973757118627, -0.5716561306130803, -0.013744959164778857, 0.005893226660307404, -7.941412707963188]]}