{"mtx": [[504.785694500172, 0.0, 335.3190425802964], [0.0, 491.150594885815, 340.666332783356], [0.0, 0.0, 1.0]], "dist": [[0.4319313542856878, -1.980334217760007, -0.009140345687238642, 0.027254102708399987, -1.7337107433676577]]}