{"mtx": [[508.57825041631384, 0.0, 302.4722914383139], [0.0, 511.01819833706134, 339.88820503444407], [0.0, 0.0, 1.0]], "dist": [[0.17702802612398558, -1.1444987750349878, -0.00379083728884429, -0.002772638145342604, 1.2821448713328263]]}