{"mtx": [[821.9840074994842, 0.0, 297.4543690734399], [0.0, 857.6528615058195, 144.09170167831272], [0.0, 0.0, 1.0]], "dist": [[0.2169868604506673, 1.7578484708663524, -0.04682772495289277, -0.008372776404300824, -8.459233492865783]]}