{"mtx": [[753.5304873564747, 0.0, 336.55830470900844], [0.0, 776.6229503425046, 181.39134342999404], [0.0, 0.0, 1.0]], "dist": [[0.4346778002412529, 0.7905453777780426, -0.024040047981463964, 0.01775963035112913, -12.59156418032828]]}