{"mtx": [[758.0623958559886, 0.0, 316.2963856800301], [0.0, 759.1839072432556, 380.2561791575847], [0.0, 0.0, 1.0]], "dist": [[-0.006262380484284918, 2.669493229148529, 0.025427424581477846, -0.01569311465421228, -9.570537412564587]]}