{"mtx": [[870.3859193424731, 0.0, 429.2549962842257], [0.0, 828.9258184402433, 303.711068688591], [0.0, 0.0, 1.0]], "dist": [[0.23113007330088312, 1.5921852164415504, -0.004629039576599217, 0.057502123600119914, -7.050107953135979]]}