{"mtx": [[738.5664548030871, 0.0, 340.87568845320527], [0.0, 759.1616460000255, 186.20946763027308], [0.0, 0.0, 1.0]], "dist": [[0.44379636892447055, -0.45499753474875665, -0.01574897105466453, 0.017782371044539485, -6.6953097337425405]]}