{"mtx": [[603.762003831087, 0.0, 319.98990336208834], [0.0, 601.4774855996585, 309.0534100912994], [0.0, 0.0, 1.0]], "dist": [[0.13277182142475272, -0.9709890360967465, 0.0011622984507788834, 0.0003476235145748046, 1.4981342719274047]]}