{"mtx": [[764.8712898263191, 0.0, 337.900566724273], [0.0, 794.7106093282181, 197.21791314649616], [0.0, 0.0, 1.0]], "dist": [[0.37821969679058964, -0.22223098120558418, -0.012861931922014985, 0.008618307313145852, -8.059578325257242]]}