{"mtx": [[750.8380710669784, 0.0, 327.9265687420057], [0.0, 763.1066239450256, 168.33279002958088], [0.0, 0.0, 1.0]], "dist": [[0.15332696804778295, 1.0008128460596784, -0.027895598540842746, 0.020067760033775656, -4.077741137680301]]}