{"mtx": [[705.9597244346616, 0.0, 350.9118289520163], [0.0, 706.1757770031937, 165.38444007606813], [0.0, 0.0, 1.0]], "dist": [[-0.1375503820445102, 1.55980720357752, -0.016582799671977948, 0.017470402655137208, -3.4720048903972627]]}