{"mtx": [[821.9927821466099, 0.0, 315.52917362409005], [0.0, 853.2173733605056, 278.64819039149677], [0.0, 0.0, 1.0]], "dist": [[-0.15264869139673568, 35.574245478751756, 0.04605997119158954, 0.011363460433083823, -507.1057816998332]]}